Condition,Score
Human_Healthy,16.11111111111111
Human_IBD,25.77777777777778
Mouse_Healthy,17.94701986754967
Mouse_IBD,28.71523178807947
HFM_Treated,20.95609756097561
