Tissue,BPSauc,p_value
Large_intestine,0.46996900042785184,0.0004110416897989977
Small_intestine,0.4504009325671142,2.6495063613700353e-10
